{"cameraMode":{"drawMode":0,"name":"Shaded","section":"Shading Mode"},"sceneLighting":false,"audioPlay":false,"sceneViewState":{"m_AlwaysRefresh":false,"showFog":true,"showSkybox":false,"showFlares":true,"showImageEffects":true,"showParticleSystems":true,"showVisualEffectGraphs":true,"m_FxEnabled":true},"in2DMode":false,"pivot":{"x":0.037836551666259769,"y":2.901728391647339,"z":3.3272221088409426},"rotation":{"x":-0.2222009152173996,"y":0.052637021988630298,"z":-0.012119480408728123,"w":-0.9735426902770996},"size":3.532167911529541,"orthographic":false}