{"cameraMode":{"drawMode":0,"name":"Shaded","section":"Shading Mode"},"sceneLighting":true,"audioPlay":false,"sceneViewState":{"m_AlwaysRefresh":false,"showFog":true,"showSkybox":true,"showFlares":true,"showImageEffects":true,"showParticleSystems":true,"showVisualEffectGraphs":true,"m_FxEnabled":true},"in2DMode":false,"pivot":{"x":-6.548212051391602,"y":-16.449426651000978,"z":39.93070602416992},"rotation":{"x":-0.24689415097236634,"y":0.05607892572879791,"z":-0.014312421903014183,"w":-0.9673272371292114},"size":26.336517333984376,"orthographic":false}