{"cameraMode":{"drawMode":0,"name":"Shaded","section":"Shading Mode"},"sceneLighting":true,"audioPlay":false,"sceneViewState":{"m_AlwaysRefresh":false,"showFog":true,"showSkybox":true,"showFlares":true,"showImageEffects":true,"showParticleSystems":true,"showVisualEffectGraphs":true,"m_FxEnabled":true},"in2DMode":false,"pivot":{"x":4.041349411010742,"y":4.6391282081604,"z":13.201292037963868},"rotation":{"x":0.16898295283317567,"y":-0.42448166012763979,"z":0.08081077039241791,"w":0.8859829306602478},"size":0.39599305391311648,"orthographic":false}