{"cameraMode":{"drawMode":0,"name":"Shaded","section":"Shading Mode"},"sceneLighting":true,"audioPlay":false,"sceneViewState":{"m_AlwaysRefresh":false,"showFog":true,"showSkybox":true,"showFlares":true,"showImageEffects":true,"showParticleSystems":true,"showVisualEffectGraphs":true,"m_FxEnabled":true},"in2DMode":false,"pivot":{"x":-34.444053649902347,"y":-0.42158475518226626,"z":-2.963243007659912},"rotation":{"x":0.04740656539797783,"y":-0.7097166776657105,"z":0.04797873646020889,"w":0.7012507915496826},"size":26.720243453979493,"orthographic":false}