{"cameraMode":{"drawMode":0,"name":"Shaded","section":"Shading Mode"},"sceneLighting":false,"audioPlay":false,"sceneViewState":{"m_AlwaysRefresh":false,"showFog":true,"showSkybox":false,"showFlares":true,"showImageEffects":true,"showParticleSystems":true,"showVisualEffectGraphs":true,"m_FxEnabled":true},"in2DMode":false,"pivot":{"x":-3.558734178543091,"y":2.3056955337524416,"z":11.283208847045899},"rotation":{"x":-0.17866094410419465,"y":-0.27058905363082888,"z":0.05109240487217903,"w":-0.9446345567703247},"size":1.2247449159622193,"orthographic":false}