{"cameraMode":{"drawMode":0,"name":"Shaded","section":"Shading Mode"},"sceneLighting":false,"audioPlay":false,"sceneViewState":{"m_AlwaysRefresh":false,"showFog":true,"showSkybox":false,"showFlares":true,"showImageEffects":true,"showParticleSystems":true,"showVisualEffectGraphs":true,"m_FxEnabled":true},"in2DMode":false,"pivot":{"x":10.21717357635498,"y":3.4540135860443117,"z":18.690181732177736},"rotation":{"x":0.06975086778402329,"y":-0.6704645752906799,"z":0.06355026364326477,"w":0.7359223961830139},"size":4.4321770668029789,"orthographic":false}