{"cameraMode":{"drawMode":0,"name":"Shaded","section":"Shading Mode"},"sceneLighting":true,"audioPlay":false,"sceneViewState":{"m_AlwaysRefresh":false,"showFog":true,"showSkybox":true,"showFlares":true,"showImageEffects":true,"showParticleSystems":true,"showVisualEffectGraphs":true,"m_FxEnabled":true},"in2DMode":false,"pivot":{"x":7.335982322692871,"y":3.6110775470733644,"z":12.088253021240235},"rotation":{"x":0.021661218255758287,"y":-0.9653486013412476,"z":0.0850711315870285,"w":0.24577075242996217},"size":1.1257100105285645,"orthographic":false}