{"cameraMode":{"drawMode":0,"name":"Shaded","section":"Shading Mode"},"sceneLighting":false,"audioPlay":false,"sceneViewState":{"m_AlwaysRefresh":false,"showFog":true,"showSkybox":false,"showFlares":true,"showImageEffects":true,"showParticleSystems":true,"showVisualEffectGraphs":true,"m_FxEnabled":true},"in2DMode":false,"pivot":{"x":-1.2735565900802613,"y":0.07420066744089127,"z":-0.12994739413261414},"rotation":{"x":0.009225402027368546,"y":0.6824938654899597,"z":0.008582442998886109,"w":-0.73081374168396},"size":0.8660253882408142,"orthographic":false}